file	probe_count	reason	operator_decision
tests/unit/UT1.6_CatalogTools/test_catalog_tools.py	1	no-FR-mapping-found-in-path-or-docstring; operator-review	DEFAULT-RETAIN-FOR-REVIEW
tests/unit/UT1.18_RelationalConnectorDispatch/test_relational_connector_dispatch.py	2	no-FR-mapping-found-in-path-or-docstring; operator-review	DEFAULT-RETAIN-FOR-REVIEW
tests/unit/UT1.22_TestDataSeed/test_test_data_seed_api.py	4	no-FR-mapping-found-in-path-or-docstring; operator-review	DEFAULT-RETAIN-FOR-REVIEW
tests/unit/UT1.52_FlatLoginContract/test_flat_login_contract.py	9	no-FR-mapping-found-in-path-or-docstring; operator-review	DEFAULT-RETAIN-FOR-REVIEW
tests/unit/UT1.15_A2AServer/test_a2a_server.py	6	no-FR-mapping-found-in-path-or-docstring; operator-review	DEFAULT-RETAIN-FOR-REVIEW
tests/unit/UT1.7_ContentTools/test_content_tools.py	1	no-FR-mapping-found-in-path-or-docstring; operator-review	DEFAULT-RETAIN-FOR-REVIEW
tests/unit/UT1.19_JobLifecycle/test_job_lifecycle.py	4	no-FR-mapping-found-in-path-or-docstring; operator-review	DEFAULT-RETAIN-FOR-REVIEW
tests/unit/UT1.4_MongoDBConnector/test_mongodb_connector.py	5	no-FR-mapping-found-in-path-or-docstring; operator-review	DEFAULT-RETAIN-FOR-REVIEW
tests/unit/UT1.5_FilterModel/test_filter_model.py	3	no-FR-mapping-found-in-path-or-docstring; operator-review	DEFAULT-RETAIN-FOR-REVIEW
tests/unit/UT1.9_SearchIndexer/test_search_indexer.py	2	no-FR-mapping-found-in-path-or-docstring; operator-review	DEFAULT-RETAIN-FOR-REVIEW
tests/unit/UT1.12_SchemaChangeService/test_schema_change_service.py	2	no-FR-mapping-found-in-path-or-docstring; operator-review	DEFAULT-RETAIN-FOR-REVIEW
tests/unit/UT1.2_AuthMiddleware/test_auth_middleware.py	6	no-FR-mapping-found-in-path-or-docstring; operator-review	DEFAULT-RETAIN-FOR-REVIEW
tests/unit/UT1.16_ElasticsearchConnector/test_elasticsearch_connector.py	2	no-FR-mapping-found-in-path-or-docstring; operator-review	DEFAULT-RETAIN-FOR-REVIEW
tests/unit/UT1.1_ConfigLoading/test_config_loading.py	2	no-FR-mapping-found-in-path-or-docstring; operator-review	DEFAULT-RETAIN-FOR-REVIEW
tests/unit/UT1.20_DiscoveryApi/test_discovery_api.py	1	no-FR-mapping-found-in-path-or-docstring; operator-review	DEFAULT-RETAIN-FOR-REVIEW
tests/unit/UT1.20_McpServer/test_mcp_server.py	1	no-FR-mapping-found-in-path-or-docstring; operator-review	DEFAULT-RETAIN-FOR-REVIEW
tests/unit/UT1.15_MongoConfig/test_mongo_config_resolution.py	4	no-FR-mapping-found-in-path-or-docstring; operator-review	DEFAULT-RETAIN-FOR-REVIEW
tests/unit/UT1.21_ProfileScopeAndSchemaApproval/test_profile_scope_schema_approval.py	3	no-FR-mapping-found-in-path-or-docstring; operator-review	DEFAULT-RETAIN-FOR-REVIEW
tests/unit/UT1.17_CassandraConnector/test_cassandra_connector.py	2	no-FR-mapping-found-in-path-or-docstring; operator-review	DEFAULT-RETAIN-FOR-REVIEW
tests/unit/UT1.13_CouchDBConnector/test_couchdb_connector.py	2	no-FR-mapping-found-in-path-or-docstring; operator-review	DEFAULT-RETAIN-FOR-REVIEW
tests/unit/UT1.8_RelationshipTools/test_relationship_tools.py	1	no-FR-mapping-found-in-path-or-docstring; operator-review	DEFAULT-RETAIN-FOR-REVIEW
tests/unit/UT1.14_OpenSearchConnector/test_opensearch_connector.py	2	no-FR-mapping-found-in-path-or-docstring; operator-review	DEFAULT-RETAIN-FOR-REVIEW
tests/unit/UT1.3_AccessControlService/test_access_control_service.py	5	no-FR-mapping-found-in-path-or-docstring; operator-review	DEFAULT-RETAIN-FOR-REVIEW
tests/unit/UT1.10_SearchService/test_search_service.py	2	no-FR-mapping-found-in-path-or-docstring; operator-review	DEFAULT-RETAIN-FOR-REVIEW
tests/e2e/test_w28a746_live_preprod_contract.py	2	no-FR-mapping-found-in-path-or-docstring; operator-review	DEFAULT-RETAIN-FOR-REVIEW
tests/application/AT_WEBUI_E2E/test_webui_e2e.py	17	no-FR-mapping-found-in-path-or-docstring; operator-review	DEFAULT-RETAIN-FOR-REVIEW
tests/system/ST1.13_CassandraConnector/test_cassandra_connector_real.py	1	no-FR-mapping-found-in-path-or-docstring; operator-review	DEFAULT-RETAIN-FOR-REVIEW
tests/system/ST1.9_CouchDBConnector/test_couchdb_connector_real.py	1	no-FR-mapping-found-in-path-or-docstring; operator-review	DEFAULT-RETAIN-FOR-REVIEW
tests/system/ST1.4_CatalogApi/test_catalog_api.py	1	no-FR-mapping-found-in-path-or-docstring; operator-review	DEFAULT-RETAIN-FOR-REVIEW
tests/system/ST1.15_MariaDBConnector/test_mariadb_connector_real.py	1	no-FR-mapping-found-in-path-or-docstring; operator-review	DEFAULT-RETAIN-FOR-REVIEW
tests/system/ST1.10_OpenSearchConnector/test_opensearch_connector_real.py	1	no-FR-mapping-found-in-path-or-docstring; operator-review	DEFAULT-RETAIN-FOR-REVIEW
tests/system/ST1.5_ContentApi/test_content_api.py	3	no-FR-mapping-found-in-path-or-docstring; operator-review	DEFAULT-RETAIN-FOR-REVIEW
tests/system/ST1.12_ElasticsearchConnector/test_elasticsearch_connector_real.py	1	no-FR-mapping-found-in-path-or-docstring; operator-review	DEFAULT-RETAIN-FOR-REVIEW
tests/system/ST1.3_MongoDBConnector/test_mongodb_connector_real.py	1	no-FR-mapping-found-in-path-or-docstring; operator-review	DEFAULT-RETAIN-FOR-REVIEW
tests/system/ST1.8_WebUiServing/test_web_ui_system_serving.py	1	no-FR-mapping-found-in-path-or-docstring; operator-review	DEFAULT-RETAIN-FOR-REVIEW
tests/system/ST1.14_PostgreSQLConnector/test_postgresql_connector_real.py	1	no-FR-mapping-found-in-path-or-docstring; operator-review	DEFAULT-RETAIN-FOR-REVIEW
tests/system/ST1.1_ServerStartup/test_server_startup.py	1	no-FR-mapping-found-in-path-or-docstring; operator-review	DEFAULT-RETAIN-FOR-REVIEW
tests/system/ST1.7_SearchApi/test_search_api.py	1	no-FR-mapping-found-in-path-or-docstring; operator-review	DEFAULT-RETAIN-FOR-REVIEW
tests/system/ST1.2_AccessControlApi/test_access_control_api.py	1	no-FR-mapping-found-in-path-or-docstring; operator-review	DEFAULT-RETAIN-FOR-REVIEW
tests/system/ST1.6_SchemaApi/test_schema_api.py	1	no-FR-mapping-found-in-path-or-docstring; operator-review	DEFAULT-RETAIN-FOR-REVIEW
tests/quality/QT1.1_ProjectStructure/test_project_structure.py	4	no-FR-mapping-found-in-path-or-docstring; operator-review	DEFAULT-RETAIN-FOR-REVIEW
tests/smoke/test_w28a746_b_method_idam.py	2	no-FR-mapping-found-in-path-or-docstring; operator-review	DEFAULT-RETAIN-FOR-REVIEW
tests/fixtures/test_seed_data.py	3	no-FR-mapping-found-in-path-or-docstring; operator-review	DEFAULT-RETAIN-FOR-REVIEW
tests/integration/IT1.5_RelationshipLifecycle/test_relationship_lifecycle.py	1	no-FR-mapping-found-in-path-or-docstring; operator-review	DEFAULT-RETAIN-FOR-REVIEW
tests/integration/IT1.12_SavedQueries/test_saved_queries_api.py	1	no-FR-mapping-found-in-path-or-docstring; operator-review	DEFAULT-RETAIN-FOR-REVIEW
tests/integration/IT1.9_OpenSearchMcpTools/test_opensearch_mcp_tools.py	1	no-FR-mapping-found-in-path-or-docstring; operator-review	DEFAULT-RETAIN-FOR-REVIEW
tests/integration/IT1.2_MongoDbMcpTools/test_mongodb_mcp_tools.py	1	no-FR-mapping-found-in-path-or-docstring; operator-review	DEFAULT-RETAIN-FOR-REVIEW
tests/integration/IT1.6_SearchIndexingLifecycle/test_search_indexing_lifecycle.py	1	no-FR-mapping-found-in-path-or-docstring; operator-review	DEFAULT-RETAIN-FOR-REVIEW
tests/integration/IT1.4_ContentCRUDLifecycle/test_content_crud_lifecycle.py	1	no-FR-mapping-found-in-path-or-docstring; operator-review	DEFAULT-RETAIN-FOR-REVIEW
tests/integration/IT1.10_BackendConnectorMatrix/test_backend_connector_matrix.py	1	no-FR-mapping-found-in-path-or-docstring; operator-review	DEFAULT-RETAIN-FOR-REVIEW
tests/integration/IT1.11_SourceConnections/test_source_connections_api.py	1	no-FR-mapping-found-in-path-or-docstring; operator-review	DEFAULT-RETAIN-FOR-REVIEW
tests/integration/IT1.7_SchemaChangeLifecycle/test_schema_change_lifecycle.py	1	no-FR-mapping-found-in-path-or-docstring; operator-review	DEFAULT-RETAIN-FOR-REVIEW
tests/integration/IT1.3_FullDiscoveryFlow/test_full_discovery_flow.py	1	no-FR-mapping-found-in-path-or-docstring; operator-review	DEFAULT-RETAIN-FOR-REVIEW
tests/integration/IT1.8_CouchDbMcpTools/test_couchdb_mcp_tools.py	1	no-FR-mapping-found-in-path-or-docstring; operator-review	DEFAULT-RETAIN-FOR-REVIEW
tests/integration/IT1.1_AccessControlLifecycle/test_access_control_lifecycle.py	1	no-FR-mapping-found-in-path-or-docstring; operator-review	DEFAULT-RETAIN-FOR-REVIEW
